"Status","Start Time","Stop Time","Duration in ms","Parent Suite","Suite","Sub Suite","Test Class","Test Method","Name","Description"
"passed","Tue Jan 03 15:09:29 BDT 2023","Tue Jan 03 15:09:29 BDT 2023","109","","Sauce Demo - Product Order Feature","","Sauce Demo - Product Order Feature","Added 2 product","Added 2 product",""
"passed","Tue Jan 03 15:09:29 BDT 2023","Tue Jan 03 15:09:29 BDT 2023","43","","Sauce Demo - Product Order Feature","","Sauce Demo - Product Order Feature","Verify Checkout Button","Verify Checkout Button",""
"passed","Tue Jan 03 15:09:36 BDT 2023","Tue Jan 03 15:09:36 BDT 2023","22","","Feedback Form Feature","","Feedback Form Feature","Verify the feedback title","Verify the feedback title",""
"passed","Tue Jan 03 15:09:35 BDT 2023","Tue Jan 03 15:09:35 BDT 2023","21","","Forget Password Funcationality","","Forget Password Funcationality","Verify The Description","Verify The Description",""
"passed","Tue Jan 03 15:09:34 BDT 2023","Tue Jan 03 15:09:35 BDT 2023","342","","Forget Password Funcationality","","Forget Password Funcationality","Verify Send Password Button","Verify Send Password Button",""
"passed","Tue Jan 03 15:09:29 BDT 2023","Tue Jan 03 15:09:29 BDT 2023","21","","Sauce Demo - Product Order Feature","","Sauce Demo - Product Order Feature","Verify Product Description","Verify Product Description",""
"passed","Tue Jan 03 15:09:28 BDT 2023","Tue Jan 03 15:09:34 BDT 2023","6401","","Login Funcationality","","Login Funcationality","Click on Signin Button","Click on Signin Button",""
"passed","Tue Jan 03 15:09:34 BDT 2023","Tue Jan 03 15:09:34 BDT 2023","1","","Search Feature","","Search Feature","Search Result Visibility","Search Result Visibility",""
"passed","Tue Jan 03 15:09:35 BDT 2023","Tue Jan 03 15:09:36 BDT 2023","779","","Login Funcationality","","Login Funcationality","Login with empty email and password","Login with empty email and password",""
"passed","Tue Jan 03 15:09:30 BDT 2023","Tue Jan 03 15:09:30 BDT 2023","226","","Sauce Demo - Product Order Feature","","Sauce Demo - Product Order Feature","Checkout Form Filling","Checkout Form Filling",""
"passed","Tue Jan 03 15:09:29 BDT 2023","Tue Jan 03 15:09:29 BDT 2023","18","","Sauce Demo - Product Order Feature","","Sauce Demo - Product Order Feature","Verify Product Price","Verify Product Price",""
"passed","Tue Jan 03 15:09:35 BDT 2023","Tue Jan 03 15:09:35 BDT 2023","132","","Feedback Form Feature","","Feedback Form Feature","Verify all input fields visibility","Verify all input fields visibility",""
"passed","Tue Jan 03 15:09:28 BDT 2023","Tue Jan 03 15:09:34 BDT 2023","6114","","Forget Password Funcationality","","Forget Password Funcationality","Click on Signin Button","Click on Signin Button",""
"passed","Tue Jan 03 15:09:34 BDT 2023","Tue Jan 03 15:09:34 BDT 2023","328","","Forget Password Funcationality","","Forget Password Funcationality","Verify Forget Password Link","Verify Forget Password Link",""
"passed","Tue Jan 03 15:09:36 BDT 2023","Tue Jan 03 15:09:38 BDT 2023","2218","","Login Funcationality","","Login Funcationality","Login with valid email and password","Login with valid email and password",""
"passed","Tue Jan 03 15:09:30 BDT 2023","Tue Jan 03 15:09:30 BDT 2023","265","","Sauce Demo - Product Order Feature","","Sauce Demo - Product Order Feature","Verify Checkout Complete Page","Verify Checkout Complete Page",""
"passed","Tue Jan 03 15:09:35 BDT 2023","Tue Jan 03 15:09:36 BDT 2023","880","","Feedback Form Feature","","Feedback Form Feature","Set all values for input fields","Set all values for input fields",""
"passed","Tue Jan 03 15:09:29 BDT 2023","Tue Jan 03 15:09:29 BDT 2023","2","","Sauce Demo - Product Order Feature","","Sauce Demo - Product Order Feature","Verify Product Length","Verify Product Length",""
"passed","Tue Jan 03 15:09:29 BDT 2023","Tue Jan 03 15:09:30 BDT 2023","102","","Sauce Demo - Product Order Feature","","Sauce Demo - Product Order Feature","Verify Checkout Page Visibility","Verify Checkout Page Visibility",""
"passed","Tue Jan 03 15:09:28 BDT 2023","Tue Jan 03 15:09:35 BDT 2023","7057","","Feedback Form Feature","","Feedback Form Feature","Verify the feedback Nav","Verify the feedback Nav",""
"passed","Tue Jan 03 15:09:30 BDT 2023","Tue Jan 03 15:09:30 BDT 2023","80","","Sauce Demo - Product Order Feature","","Sauce Demo - Product Order Feature","Checkout Overview Page Visibility","Checkout Overview Page Visibility",""
"passed","Tue Jan 03 15:09:30 BDT 2023","Tue Jan 03 15:09:30 BDT 2023","51","","Sauce Demo - Product Order Feature","","Sauce Demo - Product Order Feature","Verify Finish Button","Verify Finish Button",""
"passed","Tue Jan 03 15:09:35 BDT 2023","Tue Jan 03 15:09:35 BDT 2023","17","","Forget Password Funcationality","","Forget Password Funcationality","Verify The Title","Verify The Title",""
"passed","Tue Jan 03 15:09:29 BDT 2023","Tue Jan 03 15:09:29 BDT 2023","17","","Sauce Demo - Product Order Feature","","Sauce Demo - Product Order Feature","Verify Add To Cart Button","Verify Add To Cart Button",""
"passed","Tue Jan 03 15:09:34 BDT 2023","Tue Jan 03 15:09:34 BDT 2023","88","","Forget Password Funcationality","","Forget Password Funcationality","Verify Forget Password Email Input Field","Verify Forget Password Email Input Field",""
"passed","Tue Jan 03 15:09:38 BDT 2023","Tue Jan 03 15:09:39 BDT 2023","703","","Login Funcationality","","Login Funcationality","Verify the logout option","Verify the logout option",""
"passed","Tue Jan 03 15:09:28 BDT 2023","Tue Jan 03 15:09:29 BDT 2023","953","","Sauce Demo - Product Order Feature","","Sauce Demo - Product Order Feature","Verify Sauce Demo Login","Verify Sauce Demo Login",""
"passed","Tue Jan 03 15:09:28 BDT 2023","Tue Jan 03 15:09:34 BDT 2023","5740","","Search Feature","","Search Feature","Search using keyboard press","Search using keyboard press",""
"passed","Tue Jan 03 15:09:34 BDT 2023","Tue Jan 03 15:09:34 BDT 2023","2","","Search Feature","","Search Feature","Search Heading Visibility","Search Heading Visibility",""
"passed","Tue Jan 03 15:09:29 BDT 2023","Tue Jan 03 15:09:29 BDT 2023","108","","Sauce Demo - Product Order Feature","","Sauce Demo - Product Order Feature","Verify Cart element visibility","Verify Cart element visibility",""
"passed","Tue Jan 03 15:09:29 BDT 2023","Tue Jan 03 15:09:29 BDT 2023","50","","Sauce Demo - Product Order Feature","","Sauce Demo - Product Order Feature","Verify Shopping cart icon","Verify Shopping cart icon",""
"passed","Tue Jan 03 15:09:29 BDT 2023","Tue Jan 03 15:09:29 BDT 2023","28","","Sauce Demo - Product Order Feature","","Sauce Demo - Product Order Feature","Verify Product title","Verify Product title",""
